,time,cloudCover,sunriseTime,sunsetTime,temperatureHigh,temperatureLow,temperatureMin,temperatureMax,visibility,longitude,latitude
30,1391122800.0,0.73,29961.0,62508.0,44.11,40.33,27.62,44.11,4.09,6.0221493,52.2132321
29,1391036400.0,0.8,30053.0,62397.0,38.08,27.81,27.4,38.08,3.88,6.0221493,52.2132321
28,1390950000.0,0.65,30142.0,62286.0,33.96,27.4,29.05,35.57,4.87,6.0221493,52.2132321
27,1390863600.0,0.62,30230.0,62175.0,44.26,31.5,36.31,44.26,6.22,6.0221493,52.2132321
26,1390777200.0,0.8,30315.0,62065.0,40.04,37.1,36.01,41.11,6.19,6.0221493,52.2132321
25,1390690800.0,0.89,30398.0,61956.0,44.21,36.47,37.03,44.21,5.69,6.0221493,52.2132321
24,1390604400.0,0.96,30478.0,61848.0,41.29,38.3,33.88,41.29,3.22,6.0221493,52.2132321
23,1390518000.0,0.97,30557.0,61740.0,40.72,33.88,35.25,40.72,3.22,6.0221493,52.2132321
22,1390431600.0,0.92,30632.0,61634.0,39.16,36.29,31.04,39.63,3.11,6.0221493,52.2132321
21,1390345200.0,0.95,30706.0,61528.0,40.84,31.04,34.98,40.84,3.29,6.0221493,52.2132321
20,1390258800.0,0.99,30776.0,61424.0,38.56,37.23,34.39,39.12,1.94,6.0221493,52.2132321
19,1390172400.0,0.98,30845.0,61320.0,39.12,34.39,34.65,42.35,3.03,6.0221493,52.2132321
18,1390086000.0,0.88,30910.0,61218.0,45.22,38.37,38.96,45.22,6.22,6.0221493,52.2132321
17,1389999600.0,0.94,30973.0,61118.0,48.37,39.14,40.83,48.37,6.22,6.0221493,52.2132321
16,1389913200.0,0.93,31033.0,61018.0,48.32,42.95,42.66,48.32,6.01,6.0221493,52.2132321
15,1389826800.0,0.86,31090.0,60921.0,47.01,42.66,41.95,47.01,5.93,6.0221493,52.2132321
14,1389740400.0,0.98,31144.0,60824.0,40.73,40.79,36.21,41.65,4.86,6.0221493,52.2132321
13,1389654000.0,0.68,31196.0,60730.0,46.37,36.21,36.11,46.37,5.09,6.0221493,52.2132321
12,1389567600.0,0.78,31244.0,60637.0,48.61,36.11,33.92,48.61,6.01,6.0221493,52.2132321
11,1389481200.0,0.6,31290.0,60547.0,41.52,33.92,31.57,41.52,3.69,6.0221493,52.2132321
10,1389394800.0,0.81,31332.0,60458.0,43.43,32.13,36.66,43.43,4.49,6.0221493,52.2132321
9,1389308400.0,0.66,31372.0,60371.0,46.59,38.61,38.95,46.59,5.96,6.0221493,52.2132321
8,1389222000.0,0.9,31408.0,60286.0,53.19,39.37,43.9,53.19,6.22,6.0221493,52.2132321
7,1389135600.0,0.77,31441.0,60204.0,49.96,43.14,43.14,49.96,6.22,6.0221493,52.2132321
6,1389049200.0,0.72,31470.0,60124.0,53.47,46.78,49.12,53.47,6.22,6.0221493,52.2132321
5,1388962800.0,0.89,31497.0,60046.0,56.28,49.12,40.86,56.28,6.22,6.0221493,52.2132321
4,1388876400.0,0.81,31520.0,59971.0,45.66,40.27,39.55,45.66,6.11,6.0221493,52.2132321
3,1388790000.0,0.71,31540.0,59898.0,48.2,40.48,42.02,48.2,6.22,6.0221493,52.2132321
2,1388703600.0,0.79,31556.0,59828.0,52.8,42.32,42.46,52.8,5.9,6.0221493,52.2132321
1,1388617200.0,0.78,31569.0,59761.0,50.66,42.66,43.15,50.66,6.11,6.0221493,52.2132321
0,1388530800.0,0.7,31579.0,59696.0,47.08,45.88,40.09,47.5,5.85,6.0221493,52.2132321
58,1393542000.0,0.86,26735.0,65652.0,47.55,37.58,38.15,47.55,4.92,6.0221493,52.2132321
57,1393455600.0,0.59,26867.0,65543.0,49.15,38.15,36.42,49.15,5.65,6.0221493,52.2132321
56,1393369200.0,0.78,26997.0,65433.0,52.68,36.42,40.36,52.68,6.22,6.0221493,52.2132321
55,1393282800.0,0.66,27127.0,65323.0,53.03,40.36,42.63,53.03,6.22,6.0221493,52.2132321
54,1393196400.0,0.4,27256.0,65213.0,55.98,42.63,37.66,55.98,6.22,6.0221493,52.2132321
53,1393110000.0,0.42,27384.0,65102.0,52.69,37.66,37.63,52.69,6.22,6.0221493,52.2132321
52,1393023600.0,0.67,27511.0,64991.0,48.05,37.63,38.96,48.05,6.22,6.0221493,52.2132321
51,1392937200.0,0.63,27637.0,64880.0,48.16,38.96,40.55,48.24,6.22,6.0221493,52.2132321
50,1392850800.0,0.93,27761.0,64768.0,48.97,42.9,42.6,48.97,5.25,6.0221493,52.2132321
49,1392764400.0,0.96,27885.0,64656.0,49.8,42.6,42.98,49.8,4.66,6.0221493,52.2132321
48,1392678000.0,0.98,28007.0,64544.0,47.11,42.98,38.96,47.11,6.22,6.0221493,52.2132321
47,1392591600.0,0.82,28129.0,64432.0,49.77,38.96,34.76,49.77,6.22,6.0221493,52.2132321
46,1392505200.0,0.68,28249.0,64319.0,48.99,34.76,36.06,48.99,6.22,6.0221493,52.2132321
45,1392418800.0,0.84,28367.0,64206.0,52.79,42.3,44.92,52.79,6.22,6.0221493,52.2132321
44,1392332400.0,0.57,28485.0,64093.0,45.32,42.07,35.36,45.32,6.03,6.0221493,52.2132321
43,1392246000.0,0.83,28601.0,63980.0,45.03,35.36,36.9,45.03,6.11,6.0221493,52.2132321
42,1392159600.0,0.74,28715.0,63866.0,48.63,40.24,37.21,48.63,5.85,6.0221493,52.2132321
41,1392073200.0,0.84,28828.0,63753.0,47.12,37.21,37.01,47.12,5.8,6.0221493,52.2132321
40,1391986800.0,0.76,28940.0,63639.0,45.09,37.01,36.2,45.09,6.22,6.0221493,52.2132321
39,1391900400.0,0.88,29050.0,63526.0,45.36,36.2,40.74,45.36,6.19,6.0221493,52.2132321
38,1391814000.0,0.77,29158.0,63412.0,46.94,40.95,39.21,46.94,6.22,6.0221493,52.2132321
37,1391727600.0,0.86,29265.0,63299.0,49.51,39.21,40.61,49.51,5.8,6.0221493,52.2132321
36,1391641200.0,0.85,29370.0,63185.0,50.06,43.02,43.02,50.06,6.22,6.0221493,52.2132321
35,1391554800.0,0.78,29473.0,63072.0,49.81,44.8,37.63,49.81,6.22,6.0221493,52.2132321
34,1391468400.0,0.7,29574.0,62958.0,48.58,37.63,37.01,48.58,6.03,6.0221493,52.2132321
33,1391382000.0,0.51,29674.0,62845.0,46.0,37.01,32.02,46.0,6.09,6.0221493,52.2132321
32,1391295600.0,0.4,29772.0,62733.0,46.87,32.02,36.64,46.87,6.22,6.0221493,52.2132321
31,1391209200.0,0.88,29867.0,62620.0,46.26,36.64,40.33,46.26,5.85,6.0221493,52.2132321
89,1396216800.0,0.72,26038.0,72505.0,67.83,45.31,48.99,67.83,5.35,6.0221493,52.2132321
88,1396134000.0,0.4,22573.0,68807.0,69.13,48.99,41.01,69.13,6.22,6.0221493,52.2132321
87,1396047600.0,0.26,22713.0,68704.0,67.46,41.01,39.12,67.46,4.64,6.0221493,52.2132321
86,1395961200.0,0.43,22854.0,68601.0,63.59,39.12,39.96,63.59,5.83,6.0221493,52.2132321
85,1395874800.0,0.55,22995.0,68498.0,57.27,39.96,37.79,57.27,6.11,6.0221493,52.2132321
84,1395788400.0,0.57,23136.0,68395.0,50.68,37.4,32.83,50.68,5.29,6.0221493,52.2132321
83,1395702000.0,0.36,23277.0,68292.0,52.48,32.83,29.73,52.48,6.16,6.0221493,52.2132321
82,1395615600.0,0.6,23418.0,68189.0,51.0,29.73,33.01,51.0,5.12,6.0221493,52.2132321
81,1395529200.0,0.51,23559.0,68085.0,46.88,33.01,34.73,46.88,5.49,6.0221493,52.2132321
80,1395442800.0,0.69,23700.0,67982.0,49.21,35.86,38.89,49.21,6.22,6.0221493,52.2132321
79,1395356400.0,0.72,23841.0,67878.0,50.01,38.89,39.53,52.64,5.23,6.0221493,52.2132321
78,1395270000.0,0.37,23982.0,67775.0,70.62,49.66,44.68,70.62,6.14,6.0221493,52.2132321
77,1395183600.0,0.68,24123.0,67671.0,61.47,44.68,47.28,61.47,6.22,6.0221493,52.2132321
76,1395097200.0,0.93,24264.0,67567.0,50.12,46.79,45.86,50.12,4.68,6.0221493,52.2132321
75,1395010800.0,0.92,24404.0,67463.0,53.62,45.86,47.2,53.62,6.19,6.0221493,52.2132321
74,1394924400.0,0.92,24545.0,67358.0,53.75,47.2,48.13,53.75,6.09,6.0221493,52.2132321
73,1394838000.0,0.85,24685.0,67254.0,52.23,48.6,46.37,52.23,5.35,6.0221493,52.2132321
72,1394751600.0,0.52,24825.0,67149.0,55.34,45.97,34.78,55.34,2.85,6.0221493,52.2132321
71,1394665200.0,0.26,24964.0,67044.0,63.32,34.78,33.08,63.32,4.31,6.0221493,52.2132321
70,1394578800.0,0.38,25104.0,66938.0,62.53,33.08,37.02,62.53,5.7,6.0221493,52.2132321
69,1394492400.0,0.68,25243.0,66833.0,57.42,37.02,44.98,57.42,3.72,6.0221493,52.2132321
68,1394406000.0,0.37,25381.0,66727.0,66.78,44.98,38.8,66.78,5.44,6.0221493,52.2132321
67,1394319600.0,0.34,25519.0,66621.0,68.61,38.8,43.8,68.61,5.39,6.0221493,52.2132321
66,1394233200.0,0.47,25657.0,66515.0,60.67,43.8,35.5,60.67,4.47,6.0221493,52.2132321
65,1394146800.0,0.61,25794.0,66408.0,56.17,35.5,38.51,56.17,4.92,6.0221493,52.2132321
64,1394060400.0,0.47,25930.0,66301.0,56.33,38.51,32.75,56.33,4.97,6.0221493,52.2132321
63,1393974000.0,0.68,26066.0,66194.0,52.45,32.75,35.49,52.45,3.7,6.0221493,52.2132321
62,1393887600.0,0.47,26201.0,66086.0,52.6,37.85,30.89,52.6,5.64,6.0221493,52.2132321
61,1393801200.0,0.79,26336.0,65978.0,46.44,30.89,35.77,46.44,6.22,6.0221493,52.2132321
60,1393714800.0,0.61,26470.0,65870.0,49.43,38.86,37.67,49.43,5.17,6.0221493,52.2132321
59,1393628400.0,0.95,26603.0,65761.0,47.72,37.67,37.58,47.72,5.25,6.0221493,52.2132321
119,1398808800.0,0.93,22113.0,75605.0,66.5,51.08,53.5,66.5,2.62,6.0221493,52.2132321
118,1398722400.0,0.91,22230.0,75502.0,63.53,53.5,53.1,63.53,2.71,6.0221493,52.2132321
117,1398636000.0,0.92,22348.0,75399.0,61.43,53.1,49.66,61.43,4.78,6.0221493,52.2132321
116,1398549600.0,0.86,22468.0,75296.0,57.94,49.66,52.13,57.94,5.12,6.0221493,52.2132321
115,1398463200.0,0.63,22589.0,75193.0,65.55,52.8,51.83,65.55,5.31,6.0221493,52.2132321
114,1398376800.0,0.5,22711.0,75090.0,74.58,51.83,52.5,74.58,6.22,6.0221493,52.2132321
113,1398290400.0,0.69,22834.0,74986.0,71.13,52.5,45.64,71.13,0.0,6.0221493,52.2132321
112,1398204000.0,0.67,22958.0,74882.0,68.72,45.64,46.48,68.72,0.0,6.0221493,52.2132321
111,1398117600.0,0.79,23083.0,74779.0,65.97,46.48,45.64,65.97,0.0,6.0221493,52.2132321
110,1398031200.0,0.63,23209.0,74675.0,56.75,45.64,49.32,57.91,0.0,6.0221493,52.2132321
109,1397944800.0,0.52,23337.0,74571.0,69.64,49.32,49.48,69.64,0.0,6.0221493,52.2132321
108,1397858400.0,0.58,23465.0,74468.0,62.75,49.48,42.05,62.75,0.0,6.0221493,52.2132321
107,1397772000.0,0.71,23594.0,74364.0,54.63,42.05,41.86,54.63,0.0,6.0221493,52.2132321
106,1397685600.0,0.61,23724.0,74260.0,63.82,41.86,40.99,63.82,0.0,6.0221493,52.2132321
105,1397599200.0,0.32,23855.0,74157.0,60.66,40.99,31.44,60.66,0.0,6.0221493,52.2132321
104,1397512800.0,0.73,23987.0,74053.0,51.6,31.44,37.98,51.6,6.22,6.0221493,52.2132321
103,1397426400.0,0.81,24119.0,73950.0,49.87,37.98,41.44,50.08,6.22,6.0221493,52.2132321
102,1397340000.0,0.71,24253.0,73846.0,56.18,46.02,45.51,56.18,5.93,6.0221493,52.2132321
101,1397253600.0,0.64,24387.0,73743.0,60.0,45.51,36.96,60.0,4.64,6.0221493,52.2132321
100,1397167200.0,0.85,24521.0,73639.0,59.55,36.96,48.05,59.55,6.22,6.0221493,52.2132321
99,1397080800.0,0.95,24657.0,73536.0,59.77,48.89,48.3,59.77,6.22,6.0221493,52.2132321
98,1396994400.0,0.57,24793.0,73433.0,58.26,48.3,40.11,58.26,6.19,6.0221493,52.2132321
97,1396908000.0,0.74,24929.0,73329.0,49.8,40.11,42.27,55.71,6.22,6.0221493,52.2132321
96,1396821600.0,0.79,25066.0,73226.0,70.99,48.61,55.93,70.99,6.03,6.0221493,52.2132321
95,1396735200.0,0.74,25204.0,73123.0,63.58,56.03,45.31,63.58,5.57,6.0221493,52.2132321
94,1396648800.0,0.71,25342.0,73020.0,63.33,45.31,49.67,63.33,3.89,6.0221493,52.2132321
93,1396562400.0,0.93,25480.0,72917.0,60.59,50.26,54.37,60.59,5.71,6.0221493,52.2132321
92,1396476000.0,0.55,25619.0,72814.0,73.31,54.58,46.6,73.31,4.37,6.0221493,52.2132321
91,1396389600.0,0.29,25758.0,72711.0,70.8,46.6,42.93,70.8,4.07,6.0221493,52.2132321
90,1396303200.0,0.56,25898.0,72608.0,69.45,42.93,45.31,69.45,4.53,6.0221493,52.2132321
150,1401487200.0,0.62,19382.0,78430.0,69.79,46.19,45.01,69.79,5.39,6.0221493,52.2132321
149,1401400800.0,0.48,19436.0,78359.0,63.46,45.01,41.75,63.46,6.19,6.0221493,52.2132321
148,1401314400.0,0.97,19492.0,78286.0,53.14,41.75,48.7,53.14,5.09,6.0221493,52.2132321
147,1401228000.0,0.95,19551.0,78211.0,55.78,48.83,53.25,59.15,3.03,6.0221493,52.2132321
146,1401141600.0,0.86,19613.0,78135.0,63.35,55.29,57.84,63.35,4.28,6.0221493,52.2132321
145,1401055200.0,0.8,19678.0,78056.0,70.83,57.84,55.57,70.83,6.19,6.0221493,52.2132321
144,1400968800.0,0.45,19745.0,77976.0,72.48,55.57,49.46,72.48,6.22,6.0221493,52.2132321
143,1400882400.0,0.59,19814.0,77894.0,69.07,49.46,52.16,69.07,5.67,6.0221493,52.2132321
142,1400796000.0,0.79,19886.0,77810.0,68.15,52.16,56.23,68.15,6.16,6.0221493,52.2132321
141,1400709600.0,0.69,19961.0,77725.0,74.08,56.23,61.81,74.08,6.22,6.0221493,52.2132321
140,1400623200.0,0.84,20037.0,77639.0,71.91,61.81,57.13,71.91,5.5,6.0221493,52.2132321
139,1400536800.0,0.63,20117.0,77551.0,82.18,57.13,56.27,82.18,6.22,6.0221493,52.2132321
138,1400450400.0,0.31,20198.0,77462.0,78.0,56.27,50.96,78.0,6.22,6.0221493,52.2132321
137,1400364000.0,0.37,20282.0,77372.0,74.84,50.96,46.98,74.84,6.14,6.0221493,52.2132321
136,1400277600.0,0.41,20367.0,77280.0,69.86,46.98,44.29,69.86,5.62,6.0221493,52.2132321
135,1400191200.0,0.27,20455.0,77188.0,67.39,44.29,38.19,67.39,6.22,6.0221493,52.2132321
134,1400104800.0,0.68,20545.0,77094.0,58.26,38.19,40.39,58.26,6.22,6.0221493,52.2132321
133,1400018400.0,0.54,20638.0,77000.0,56.62,40.39,40.33,56.62,6.11,6.0221493,52.2132321
132,1399932000.0,0.63,20732.0,76904.0,58.8,40.33,44.21,58.8,4.4,6.0221493,52.2132321
131,1399845600.0,0.84,20828.0,76808.0,55.52,44.21,47.66,55.52,5.67,6.0221493,52.2132321
130,1399759200.0,0.9,20925.0,76711.0,52.69,48.52,48.16,52.88,5.83,6.0221493,52.2132321
129,1399672800.0,0.88,21025.0,76613.0,56.1,48.16,47.55,56.1,5.14,6.0221493,52.2132321
128,1399586400.0,0.79,21127.0,76514.0,58.19,47.55,47.74,58.19,5.46,6.0221493,52.2132321
127,1399500000.0,0.9,21230.0,76415.0,55.55,52.3,51.52,55.55,5.04,6.0221493,52.2132321
126,1399413600.0,0.92,21335.0,76315.0,58.32,51.52,50.58,58.32,5.93,6.0221493,52.2132321
125,1399327200.0,0.86,21441.0,76215.0,65.0,50.58,52.36,65.0,5.93,6.0221493,52.2132321
124,1399240800.0,0.6,21550.0,76114.0,66.82,52.36,39.59,66.82,6.22,6.0221493,52.2132321
123,1399154400.0,0.65,21659.0,76013.0,56.14,39.59,34.08,56.14,6.22,6.0221493,52.2132321
122,1399068000.0,0.43,21771.0,75912.0,57.4,34.08,38.69,57.4,6.22,6.0221493,52.2132321
121,1398981600.0,0.88,21883.0,75810.0,53.2,38.69,46.63,53.2,5.64,6.0221493,52.2132321
120,1398895200.0,0.93,21998.0,75708.0,63.48,47.05,51.08,63.48,2.83,6.0221493,52.2132321
180,1404079200.0,0.82,19179.0,79314.0,63.56,46.64,52.71,63.56,6.14,6.0221493,52.2132321
179,1403992800.0,0.78,19141.0,79329.0,66.47,52.71,56.6,66.47,5.52,6.0221493,52.2132321
178,1403906400.0,0.88,19107.0,79340.0,68.43,56.6,56.79,68.43,5.53,6.0221493,52.2132321
177,1403820000.0,0.82,19075.0,79349.0,73.03,56.79,56.15,73.03,6.22,6.0221493,52.2132321
176,1403733600.0,0.87,19046.0,79354.0,73.24,56.15,53.35,73.24,6.22,6.0221493,52.2132321
175,1403647200.0,0.7,19020.0,79357.0,68.99,53.35,49.66,68.99,6.22,6.0221493,52.2132321
174,1403560800.0,0.79,18998.0,79355.0,71.66,49.66,53.87,71.66,6.22,6.0221493,52.2132321
173,1403474400.0,0.58,18978.0,79351.0,71.43,53.87,48.21,71.43,6.22,6.0221493,52.2132321
172,1403388000.0,0.74,18961.0,79344.0,68.53,48.21,49.8,68.53,5.98,6.0221493,52.2132321
171,1403301600.0,0.76,18947.0,79333.0,69.1,49.8,49.52,69.1,6.22,6.0221493,52.2132321
170,1403215200.0,0.93,18937.0,79319.0,64.48,49.52,53.8,64.48,6.22,6.0221493,52.2132321
169,1403128800.0,0.97,18929.0,79302.0,60.0,53.8,55.54,60.0,6.0,6.0221493,52.2132321
168,1403042400.0,0.58,18925.0,79282.0,69.22,55.54,48.77,69.22,6.06,6.0221493,52.2132321
167,1402956000.0,0.76,18924.0,79258.0,70.7,48.77,55.59,70.7,6.09,6.0221493,52.2132321
166,1402869600.0,0.85,18926.0,79232.0,63.97,55.59,51.31,63.97,6.03,6.0221493,52.2132321
165,1402783200.0,0.51,18931.0,79203.0,70.2,51.31,51.11,70.2,6.22,6.0221493,52.2132321
164,1402696800.0,0.83,18940.0,79170.0,69.28,51.11,56.99,69.28,6.22,6.0221493,52.2132321
163,1402610400.0,0.61,18951.0,79135.0,72.41,56.99,52.37,72.41,5.66,6.0221493,52.2132321
162,1402524000.0,0.46,18966.0,79097.0,74.44,52.37,50.32,74.44,6.22,6.0221493,52.2132321
161,1402437600.0,0.55,18984.0,79055.0,74.71,50.32,59.62,74.71,6.09,6.0221493,52.2132321
160,1402351200.0,0.7,19005.0,79011.0,80.73,59.62,62.89,80.73,6.11,6.0221493,52.2132321
159,1402264800.0,0.68,19029.0,78965.0,80.82,62.89,62.5,80.82,5.77,6.0221493,52.2132321
158,1402178400.0,0.75,19056.0,78915.0,79.77,62.5,63.0,79.77,6.22,6.0221493,52.2132321
157,1402092000.0,0.61,19087.0,78863.0,84.29,63.0,54.98,84.29,6.22,6.0221493,52.2132321
156,1402005600.0,0.39,19120.0,78808.0,75.03,54.98,46.99,75.03,6.22,6.0221493,52.2132321
155,1401919200.0,0.69,19156.0,78751.0,62.26,46.99,48.13,62.64,5.93,6.0221493,52.2132321
154,1401832800.0,0.75,19196.0,78692.0,68.1,48.13,54.5,68.1,4.53,6.0221493,52.2132321
153,1401746400.0,0.68,19238.0,78630.0,72.72,54.5,48.77,72.72,5.27,6.0221493,52.2132321
152,1401660000.0,0.52,19283.0,78565.0,69.76,48.77,46.08,69.76,6.16,6.0221493,52.2132321
151,1401573600.0,0.66,19331.0,78499.0,66.98,46.08,46.19,66.98,6.16,6.0221493,52.2132321
211,1406757600.0,0.3,21396.0,77428.0,78.3,57.39,54.6,78.3,6.14,6.0221493,52.2132321
210,1406671200.0,0.65,21303.0,77525.0,74.02,54.6,60.31,74.02,6.22,6.0221493,52.2132321
209,1406584800.0,0.43,21211.0,77620.0,83.06,60.31,63.22,83.06,5.07,6.0221493,52.2132321
208,1406498400.0,0.81,21120.0,77713.0,74.4,63.22,64.5,74.4,4.12,6.0221493,52.2132321
207,1406412000.0,0.73,21030.0,77804.0,80.82,64.5,63.19,80.82,4.53,6.0221493,52.2132321
206,1406325600.0,0.8,20940.0,77893.0,75.05,63.19,62.86,75.05,4.46,6.0221493,52.2132321
205,1406239200.0,0.92,20852.0,77980.0,66.73,62.86,62.88,66.76,6.09,6.0221493,52.2132321
204,1406152800.0,0.47,20765.0,78064.0,80.28,62.88,62.28,80.28,6.22,6.0221493,52.2132321
203,1406066400.0,0.6,20679.0,78147.0,83.8,62.28,65.42,83.8,6.22,6.0221493,52.2132321
202,1405980000.0,0.6,20594.0,78227.0,81.64,65.42,64.78,81.64,5.65,6.0221493,52.2132321
201,1405893600.0,0.85,20510.0,78305.0,69.18,64.78,66.76,69.18,4.18,6.0221493,52.2132321
200,1405807200.0,0.84,20428.0,78380.0,82.34,66.9,69.46,82.34,6.03,6.0221493,52.2132321
199,1405720800.0,0.49,20347.0,78453.0,93.67,69.63,66.9,93.67,6.22,6.0221493,52.2132321
198,1405634400.0,0.45,20268.0,78523.0,90.18,66.9,62.9,90.18,6.09,6.0221493,52.2132321
197,1405548000.0,0.59,20190.0,78591.0,83.01,62.9,59.57,83.01,6.19,6.0221493,52.2132321
196,1405461600.0,0.62,20114.0,78657.0,78.5,59.57,56.84,78.5,6.06,6.0221493,52.2132321
195,1405375200.0,0.75,20040.0,78719.0,70.34,56.84,55.78,70.34,5.54,6.0221493,52.2132321
194,1405288800.0,0.68,19967.0,78779.0,74.05,55.78,61.56,74.05,5.42,6.0221493,52.2132321
193,1405202400.0,0.75,19896.0,78837.0,74.46,62.93,61.62,74.46,4.44,6.0221493,52.2132321
192,1405116000.0,0.83,19828.0,78891.0,78.38,61.62,60.94,78.38,4.33,6.0221493,52.2132321
191,1405029600.0,0.91,19761.0,78943.0,77.8,60.94,62.53,77.8,3.47,6.0221493,52.2132321
190,1404943200.0,0.79,19696.0,78991.0,83.81,62.53,62.72,83.81,4.38,6.0221493,52.2132321
189,1404856800.0,0.86,19634.0,79037.0,65.46,62.72,55.17,65.77,3.3,6.0221493,52.2132321
188,1404770400.0,0.87,19573.0,79080.0,63.67,55.17,55.63,63.67,5.37,6.0221493,52.2132321
187,1404684000.0,0.66,19515.0,79120.0,73.51,60.44,55.05,73.51,5.88,6.0221493,52.2132321
186,1404597600.0,0.81,19460.0,79157.0,77.71,55.05,60.52,77.71,5.96,6.0221493,52.2132321
185,1404511200.0,0.83,19406.0,79191.0,72.25,64.86,65.83,72.25,6.19,6.0221493,52.2132321
184,1404424800.0,0.6,19356.0,79222.0,85.97,65.83,54.95,85.97,6.22,6.0221493,52.2132321
183,1404338400.0,0.59,19307.0,79250.0,80.65,54.95,50.52,80.65,6.22,6.0221493,52.2132321
182,1404252000.0,0.59,19262.0,79274.0,70.87,50.52,46.64,70.87,6.22,6.0221493,52.2132321
181,1404165600.0,0.54,19219.0,79295.0,67.0,46.64,46.64,67.0,6.22,6.0221493,52.2132321
242,1409436000.0,0.79,24429.0,73700.0,63.87,49.51,54.57,63.87,4.92,6.0221493,52.2132321
241,1409349600.0,0.78,24331.0,73836.0,64.36,54.79,56.36,64.36,5.13,6.0221493,52.2132321
240,1409263200.0,0.72,24232.0,73971.0,70.5,59.09,56.34,70.5,5.11,6.0221493,52.2132321
239,1409176800.0,0.65,24134.0,74106.0,72.35,56.34,52.22,72.35,5.9,6.0221493,52.2132321
238,1409090400.0,0.34,24035.0,74239.0,70.67,52.22,43.92,70.67,6.14,6.0221493,52.2132321
237,1409004000.0,0.71,23936.0,74372.0,61.53,43.92,52.99,61.53,3.98,6.0221493,52.2132321
236,1408917600.0,0.85,23837.0,74504.0,63.08,54.24,45.85,63.08,5.71,6.0221493,52.2132321
235,1408831200.0,0.64,23738.0,74635.0,63.09,45.85,46.91,63.09,6.11,6.0221493,52.2132321
234,1408744800.0,0.62,23639.0,74766.0,63.53,46.91,48.44,63.53,4.36,6.0221493,52.2132321
233,1408658400.0,0.87,23540.0,74895.0,63.09,48.44,51.91,63.09,6.09,6.0221493,52.2132321
232,1408572000.0,0.76,23441.0,75023.0,64.01,51.91,47.22,64.01,4.22,6.0221493,52.2132321
231,1408485600.0,0.74,23342.0,75151.0,63.74,47.22,48.35,63.74,6.0,6.0221493,52.2132321
230,1408399200.0,0.71,23243.0,75277.0,59.05,48.35,50.32,59.05,5.77,6.0221493,52.2132321
229,1408312800.0,0.7,23144.0,75402.0,60.91,50.62,53.78,60.91,5.96,6.0221493,52.2132321
228,1408226400.0,0.94,23045.0,75527.0,61.58,53.85,56.35,61.58,5.93,6.0221493,52.2132321
227,1408140000.0,0.73,22946.0,75650.0,65.21,57.29,53.12,65.21,5.96,6.0221493,52.2132321
226,1408053600.0,0.79,22847.0,75771.0,66.0,53.12,54.92,66.0,5.19,6.0221493,52.2132321
225,1407967200.0,0.74,22748.0,75892.0,65.41,54.92,56.47,65.41,6.06,6.0221493,52.2132321
224,1407880800.0,0.43,22650.0,76011.0,71.2,56.47,53.5,71.2,6.22,6.0221493,52.2132321
223,1407794400.0,0.62,22551.0,76129.0,66.62,53.5,56.09,66.62,6.22,6.0221493,52.2132321
222,1407708000.0,0.53,22453.0,76246.0,69.72,56.09,57.23,69.72,6.22,6.0221493,52.2132321
221,1407621600.0,0.82,22355.0,76361.0,75.82,57.23,58.45,75.82,6.22,6.0221493,52.2132321
220,1407535200.0,0.79,22257.0,76475.0,73.75,58.45,62.33,73.75,5.43,6.0221493,52.2132321
219,1407448800.0,0.75,22160.0,76588.0,75.7,64.54,58.04,75.7,4.97,6.0221493,52.2132321
218,1407362400.0,0.82,22063.0,76698.0,74.38,58.04,60.86,74.38,4.64,6.0221493,52.2132321
217,1407276000.0,0.59,21966.0,76808.0,74.41,60.86,55.8,74.41,6.19,6.0221493,52.2132321
216,1407189600.0,0.57,21870.0,76915.0,75.85,55.8,54.8,75.85,6.22,6.0221493,52.2132321
215,1407103200.0,0.68,21774.0,77021.0,74.93,54.8,61.76,74.93,6.11,6.0221493,52.2132321
214,1407016800.0,0.58,21678.0,77126.0,79.12,61.76,61.25,79.12,4.74,6.0221493,52.2132321
213,1406930400.0,0.64,21584.0,77228.0,84.12,61.25,63.19,84.12,5.93,6.0221493,52.2132321
212,1406844000.0,0.4,21489.0,77329.0,81.87,63.19,57.39,81.87,6.11,6.0221493,52.2132321
272,1412028000.0,0.82,27381.0,69472.0,67.83,53.35,56.08,67.83,3.15,6.0221493,52.2132321
271,1411941600.0,0.77,27281.0,69613.0,69.05,59.89,55.18,69.05,4.16,6.0221493,52.2132321
270,1411855200.0,0.37,27181.0,69754.0,71.22,55.18,46.95,71.22,5.62,6.0221493,52.2132321
269,1411768800.0,0.64,27082.0,69895.0,69.33,46.95,47.91,69.33,4.87,6.0221493,52.2132321
268,1411682400.0,0.9,26982.0,70037.0,64.62,47.91,55.25,64.62,5.53,6.0221493,52.2132321
266,1411509600.0,0.8,26784.0,70322.0,60.45,50.34,51.62,60.45,3.51,6.0221493,52.2132321
265,1411423200.0,0.71,26686.0,70464.0,64.02,52.42,46.08,64.02,5.33,6.0221493,52.2132321
264,1411336800.0,0.71,26587.0,70606.0,62.32,46.08,48.69,62.32,5.85,6.0221493,52.2132321
263,1411250400.0,0.73,26489.0,70749.0,64.4,53.75,54.57,64.4,4.8,6.0221493,52.2132321
262,1411164000.0,0.88,26390.0,70891.0,72.72,58.97,57.25,72.72,1.7,6.0221493,52.2132321
261,1411077600.0,0.82,26292.0,71034.0,71.53,57.25,59.65,71.53,4.25,6.0221493,52.2132321
260,1410991200.0,0.47,26194.0,71176.0,78.26,59.65,55.27,78.26,5.29,6.0221493,52.2132321
259,1410904800.0,0.36,26096.0,71319.0,77.48,55.27,55.35,77.48,4.65,6.0221493,52.2132321
258,1410818400.0,0.7,25998.0,71461.0,76.31,55.35,58.36,76.31,3.95,6.0221493,52.2132321
257,1410732000.0,0.75,25900.0,71603.0,69.95,60.48,52.59,69.95,4.49,6.0221493,52.2132321
256,1410645600.0,0.61,25802.0,71746.0,69.28,52.59,55.26,69.28,4.52,6.0221493,52.2132321
255,1410559200.0,0.53,25704.0,71888.0,71.32,55.26,56.65,71.32,4.62,6.0221493,52.2132321
254,1410472800.0,0.25,25606.0,72029.0,71.32,56.65,49.6,71.32,5.12,6.0221493,52.2132321
253,1410386400.0,0.69,25508.0,72171.0,68.41,49.6,53.78,68.41,4.3,6.0221493,52.2132321
252,1410300000.0,0.91,25411.0,72312.0,63.98,53.78,54.05,63.98,6.0,6.0221493,52.2132321
251,1410213600.0,0.86,25313.0,72453.0,64.14,54.51,51.47,64.14,6.11,6.0221493,52.2132321
250,1410127200.0,0.59,25215.0,72593.0,68.6,51.47,50.99,68.6,4.15,6.0221493,52.2132321
249,1410040800.0,0.73,25117.0,72733.0,71.01,50.99,57.02,71.01,4.04,6.0221493,52.2132321
248,1409954400.0,0.87,25019.0,72873.0,70.15,57.02,55.59,70.15,2.22,6.0221493,52.2132321
247,1409868000.0,0.7,24921.0,73012.0,73.79,55.59,57.7,73.79,3.62,6.0221493,52.2132321
246,1409781600.0,0.43,24823.0,73151.0,75.72,57.7,54.18,75.72,6.22,6.0221493,52.2132321
245,1409695200.0,0.43,24724.0,73289.0,68.54,54.18,52.07,68.54,4.33,6.0221493,52.2132321
244,1409608800.0,0.8,24626.0,73427.0,68.02,52.07,48.99,68.02,5.9,6.0221493,52.2132321
243,1409522400.0,0.78,24528.0,73564.0,68.13,48.99,49.51,68.13,3.97,6.0221493,52.2132321
303,1414710000.0,0.41,27046.0,61842.0,62.45,52.43,50.15,62.45,4.73,6.0221493,52.2132321
302,1414623600.0,0.97,26936.0,61956.0,57.49,50.15,51.31,57.49,2.05,6.0221493,52.2132321
301,1414537200.0,0.99,26827.0,62071.0,52.24,51.31,47.07,52.24,2.04,6.0221493,52.2132321
300,1414450800.0,0.4,26717.0,62187.0,56.62,46.21,44.34,56.62,3.63,6.0221493,52.2132321
299,1414364400.0,0.51,26608.0,62305.0,62.27,44.34,48.82,62.27,4.44,6.0221493,52.2132321
298,1414274400.0,0.78,30095.0,66029.0,60.29,48.82,47.78,60.29,6.12,6.0221493,52.2132321
297,1414188000.0,0.87,29986.0,66149.0,57.77,47.78,51.27,57.77,2.87,6.0221493,52.2132321
296,1414101600.0,0.95,29878.0,66271.0,53.81,51.75,51.33,54.04,5.88,6.0221493,52.2132321
295,1414015200.0,0.97,29770.0,66394.0,57.16,51.33,45.01,57.16,5.12,6.0221493,52.2132321
294,1413928800.0,0.78,29662.0,66518.0,52.66,45.01,45.84,52.66,6.19,6.0221493,52.2132321
293,1413842400.0,0.86,29555.0,66643.0,54.6,45.84,46.4,54.91,6.03,6.0221493,52.2132321
292,1413756000.0,0.77,29448.0,66770.0,62.12,53.9,54.86,62.12,6.22,6.0221493,52.2132321
291,1413669600.0,0.57,29341.0,66897.0,71.48,56.44,59.67,71.48,6.19,6.0221493,52.2132321
290,1413583200.0,0.63,29235.0,67026.0,71.6,59.67,53.49,71.6,5.98,6.0221493,52.2132321
289,1413496800.0,0.69,29129.0,67155.0,64.86,53.49,53.04,64.86,3.93,6.0221493,52.2132321
288,1413410400.0,0.75,29023.0,67286.0,62.03,53.04,53.21,62.03,4.56,6.0221493,52.2132321
287,1413324000.0,0.91,28918.0,67417.0,61.6,53.06,53.06,61.6,5.07,6.0221493,52.2132321
286,1413237600.0,0.8,28813.0,67549.0,58.52,54.35,49.9,58.52,5.99,6.0221493,52.2132321
285,1413151200.0,0.85,28708.0,67682.0,65.16,49.9,54.88,65.16,4.99,6.0221493,52.2132321
284,1413064800.0,0.79,28604.0,67816.0,60.23,54.88,47.44,60.23,2.62,6.0221493,52.2132321
283,1412978400.0,0.81,28500.0,67951.0,61.21,47.44,45.73,61.21,3.73,6.0221493,52.2132321
282,1412892000.0,0.67,28397.0,68086.0,63.55,45.73,52.31,63.55,6.16,6.0221493,52.2132321
281,1412805600.0,0.72,28294.0,68222.0,63.58,54.87,56.29,63.58,5.89,6.0221493,52.2132321
280,1412719200.0,0.73,28191.0,68359.0,59.99,56.7,47.22,60.1,6.11,6.0221493,52.2132321
279,1412632800.0,0.83,28089.0,68496.0,60.15,47.22,49.35,60.15,5.86,6.0221493,52.2132321
278,1412546400.0,0.93,27987.0,68634.0,61.33,54.72,54.36,61.33,4.47,6.0221493,52.2132321
277,1412460000.0,0.97,27885.0,68772.0,55.97,54.36,54.18,57.78,6.19,6.0221493,52.2132321
276,1412373600.0,0.39,27783.0,68911.0,71.25,54.18,53.34,71.25,4.85,6.0221493,52.2132321
275,1412287200.0,0.65,27682.0,69051.0,72.33,53.34,55.04,72.33,4.14,6.0221493,52.2132321
274,1412200800.0,0.91,27582.0,69191.0,67.66,55.04,57.85,67.66,4.21,6.0221493,52.2132321
273,1412114400.0,0.87,27481.0,69331.0,68.26,59.31,53.35,68.26,3.45,6.0221493,52.2132321
333,1417302000.0,0.97,30157.0,59373.0,36.7,33.65,35.17,38.6,1.28,6.0221493,52.2132321
332,1417215600.0,0.62,30068.0,59419.0,39.08,36.41,34.07,39.53,2.76,6.0221493,52.2132321
331,1417129200.0,0.78,29978.0,59467.0,45.56,34.07,37.36,45.56,3.83,6.0221493,52.2132321
330,1417042800.0,0.96,29886.0,59519.0,46.78,40.78,42.31,46.78,4.97,6.0221493,52.2132321
329,1416956400.0,0.69,29792.0,59573.0,42.32,41.52,37.09,42.32,5.32,6.0221493,52.2132321
328,1416870000.0,0.37,29697.0,59631.0,47.1,37.09,31.63,47.1,5.03,6.0221493,52.2132321
327,1416783600.0,0.6,29600.0,59691.0,50.95,31.63,38.09,50.95,5.14,6.0221493,52.2132321
326,1416697200.0,0.71,29502.0,59754.0,57.47,41.81,46.14,57.47,5.72,6.0221493,52.2132321
325,1416610800.0,0.88,29403.0,59819.0,52.33,46.14,38.61,52.33,5.36,6.0221493,52.2132321
324,1416524400.0,0.44,29303.0,59888.0,47.72,38.61,34.59,47.72,4.4,6.0221493,52.2132321
323,1416438000.0,1.0,29201.0,59959.0,46.04,34.59,43.84,46.04,3.59,6.0221493,52.2132321
322,1416351600.0,0.95,29099.0,60032.0,45.78,44.63,44.67,45.78,3.33,6.0221493,52.2132321
321,1416265200.0,0.94,28995.0,60108.0,46.61,45.27,44.88,47.09,3.37,6.0221493,52.2132321
320,1416178800.0,0.8,28891.0,60187.0,53.42,44.88,46.49,53.42,5.56,6.0221493,52.2132321
319,1416092400.0,0.96,28785.0,60267.0,48.1,46.49,47.0,48.48,1.81,6.0221493,52.2132321
318,1416006000.0,0.93,28679.0,60350.0,52.21,47.15,47.61,52.21,3.29,6.0221493,52.2132321
317,1415919600.0,0.7,28573.0,60436.0,54.25,47.61,43.72,54.25,4.56,6.0221493,52.2132321
316,1415833200.0,0.5,28466.0,60524.0,55.72,43.72,39.66,55.72,2.43,6.0221493,52.2132321
315,1415746800.0,0.83,28358.0,60613.0,54.0,39.69,45.69,54.0,5.43,6.0221493,52.2132321
314,1415660400.0,0.64,28250.0,60705.0,53.34,45.87,42.09,53.34,5.15,6.0221493,52.2132321
313,1415574000.0,0.68,28141.0,60799.0,54.93,42.09,45.1,54.93,5.39,6.0221493,52.2132321
312,1415487600.0,0.7,28032.0,60895.0,55.97,47.67,44.1,55.97,6.22,6.0221493,52.2132321
311,1415401200.0,0.36,27923.0,60993.0,55.5,44.1,46.57,55.5,6.22,6.0221493,52.2132321
310,1415314800.0,0.7,27814.0,61093.0,48.61,46.57,39.25,48.72,6.09,6.0221493,52.2132321
309,1415228400.0,0.8,27704.0,61195.0,47.67,39.25,39.53,47.67,2.43,6.0221493,52.2132321
308,1415142000.0,0.89,27594.0,61299.0,50.49,39.53,41.73,50.49,1.47,6.0221493,52.2132321
307,1415055600.0,0.83,27485.0,61404.0,51.87,41.73,45.49,51.87,5.2,6.0221493,52.2132321
306,1414969200.0,0.82,27375.0,61511.0,59.16,47.85,51.79,59.16,6.03,6.0221493,52.2132321
305,1414882800.0,0.69,27265.0,61620.0,63.7,51.92,55.45,63.7,6.16,6.0221493,52.2132321
304,1414796400.0,0.39,27155.0,61730.0,66.43,55.15,52.43,66.43,6.22,6.0221493,52.2132321
364,1419980400.0,0.74,31586.0,59620.0,44.54,33.61,36.26,44.54,3.52,6.0221493,52.2132321
363,1419894000.0,0.98,31588.0,59562.0,40.91,38.34,36.15,40.91,5.41,6.0221493,52.2132321
362,1419807600.0,0.74,31587.0,59507.0,39.73,34.13,33.18,39.73,4.98,6.0221493,52.2132321
361,1419721200.0,0.34,31582.0,59455.0,33.86,28.55,24.4,33.86,5.34,6.0221493,52.2132321
360,1419634800.0,0.86,31574.0,59407.0,34.57,24.4,30.1,36.3,4.05,6.0221493,52.2132321
359,1419548400.0,0.68,31562.0,59361.0,40.11,33.76,31.37,40.11,3.73,6.0221493,52.2132321
358,1419462000.0,0.69,31546.0,59319.0,44.06,32.11,34.54,44.06,5.94,6.0221493,52.2132321
357,1419375600.0,0.82,31528.0,59280.0,48.0,40.2,40.2,49.27,4.86,6.0221493,52.2132321
356,1419289200.0,0.98,31506.0,59244.0,54.11,47.1,49.7,54.11,6.22,6.0221493,52.2132321
354,1419116400.0,0.87,31451.0,59183.0,47.31,47.44,39.96,49.12,6.11,6.0221493,52.2132321
353,1419030000.0,0.75,31419.0,59158.0,46.74,39.96,40.63,46.74,6.22,6.0221493,52.2132321
352,1418943600.0,0.79,31384.0,59136.0,52.27,43.4,43.4,53.25,4.54,6.0221493,52.2132321
351,1418857200.0,0.98,31345.0,59117.0,53.89,52.18,49.44,53.93,3.41,6.0221493,52.2132321
350,1418770800.0,0.95,31303.0,59102.0,49.44,49.36,37.32,49.76,3.09,6.0221493,52.2132321
349,1418684400.0,0.75,31258.0,59091.0,44.72,36.22,36.22,44.72,4.06,6.0221493,52.2132321
348,1418598000.0,0.83,31209.0,59082.0,43.97,41.1,37.68,43.97,4.14,6.0221493,52.2132321
347,1418511600.0,0.62,31158.0,59078.0,39.76,36.66,34.25,39.76,3.22,6.0221493,52.2132321
346,1418425200.0,0.82,31104.0,59077.0,42.47,34.73,38.24,42.47,5.9,6.0221493,52.2132321
345,1418338800.0,0.78,31046.0,59079.0,48.05,38.24,40.59,48.05,5.65,6.0221493,52.2132321
344,1418252400.0,0.66,30986.0,59085.0,42.66,40.98,39.14,42.66,6.11,6.0221493,52.2132321
343,1418166000.0,0.68,30923.0,59095.0,47.23,39.14,39.85,47.23,5.55,6.0221493,52.2132321
342,1418079600.0,0.89,30857.0,59108.0,37.46,38.14,30.77,39.56,1.09,6.0221493,52.2132321
341,1417993200.0,0.62,30789.0,59124.0,40.05,30.77,35.13,40.05,5.24,6.0221493,52.2132321
340,1417906800.0,0.68,30718.0,59144.0,41.51,35.35,33.95,41.88,4.04,6.0221493,52.2132321
339,1417820400.0,0.78,30645.0,59167.0,46.39,33.95,34.61,46.39,2.95,6.0221493,52.2132321
338,1417734000.0,0.92,30569.0,59193.0,39.89,38.73,34.57,40.36,2.55,6.0221493,52.2132321
337,1417647600.0,1.0,30491.0,59223.0,33.96,33.94,27.26,34.23,2.34,6.0221493,52.2132321
336,1417561200.0,1.0,30410.0,59255.0,31.06,26.77,26.77,33.09,2.87,6.0221493,52.2132321
335,1417474800.0,0.99,30328.0,59292.0,34.26,30.5,32.03,34.26,3.38,6.0221493,52.2132321
334,1417388400.0,1.0,30243.0,59331.0,34.95,32.03,33.53,34.95,2.68,6.0221493,52.2132321
